formato,metrica,media,mediana,p95,p99,desvio_padrao,min,max
JSON,serializacao_ns,5326.148,5000.0,8400.0,14300.0,5826.353228737119,1500.0,1214100.0
JSON,desserializacao_ns,6714.199,6300.0,10500.0,18800.0,4801.929286614677,1400.0,814100.0
JSON,bytes,456.3791,484.0,685.0,687.0,149.39962518584193,223.0,690.0
Protobuf,serializacao_ns,1676.798,1500.0,2800.0,3900.0,1028.8890383916691,500.0,138500.0
Protobuf,desserializacao_ns,2097.236,1900.0,3400.0,4300.0,1930.9188084376951,500.0,271500.0
Protobuf,bytes,197.99534,209.0,286.0,286.0,57.183020532871225,109.0,286.0
